day,name,role,org,image
Day One,Adaeze Okonkwo,Developer Relations,Google,
Day One,Tunde Bakare,Staff Engineer,Paystack,
Day One,Chiamaka Eze,Head of Platform,Moniepoint,
Day One,Ibrahim Sanni,Principal Engineer,Flutterwave,
Day One,Ngozi Adeyemi,Engineering Manager,Andela,
Day One,Femi Ogunlana,Cloud Advocate,Microsoft,
Day One,Zainab Yusuf,Community Lead,GDG Lagos,
Day One,Kelechi Umeh,Android Lead,Bolt,
Day One,Amara Nnadi,Site Reliability Engineer,Cloudflare,
Day One,Yusuf Lawal,Head of Data,Kuda,
Day One,Bisi Afolabi,Design Systems Lead,Interswitch,
Day One,Daniel Okoro,Developer Advocate,Vercel,
Day One,Hauwa Ibrahim,Product Manager,Piggyvest,
Day One,Chinedu Obi,Backend Lead,Cowrywise,
Day Two,Emeka Nwosu,Machine Learning Lead,Google,
Day Two,Aisha Bello,Product Design Lead,Figma,
Day Two,Segun Adebayo,Open Source Maintainer,GitHub,
Day Two,Halima Musa,Director of Engineering,Spotify,
Day Two,Obinna Chukwu,Security Engineer,Stripe,
Day Two,Folake Adesina,Data Platform Lead,Amazon,
Day Two,Ifeoma Nwachukwu,Research Scientist,DeepMind,
Day Two,Musa Danjuma,Infrastructure Lead,Flutterwave,
Day Two,Temiloluwa Ajayi,iOS Engineer,Spotify,
Day Two,Grace Etim,Head of Developer Experience,Paystack,
Day Two,Abubakar Sadiq,Staff Data Engineer,Moniepoint,
Day Two,Oluwaseun Bamidele,Frontend Architect,Shopify,
Day Two,Nneka Igwe,Technical Program Manager,Microsoft,
Day Two,Rotimi Alabi,Founding Engineer,Mono,
